,Name,Encodings,SoE,Email,Phone,Organisation,Purpose
0,Hugh Jackman,"-0.09257511794567108,0.14842630922794342,0.11049363017082214,-0.05872596055269241,-0.18264293670654297,0.005080585367977619,-0.09522047638893127,0.009189886040985584,0.12040162086486816,-0.06986302882432938,0.1442948579788208,-0.0011292016133666039,-0.26130667328834534,0.04564034193754196,-0.001661873422563076,0.08990585803985596,-0.21195600926876068,-0.09038462489843369,-0.0907047912478447,-0.12297844886779785,0.025716956704854965,0.0764121413230896,-0.06288239359855652,0.0182601697742939,-0.1411796510219574,-0.25396212935447693,-0.006274157203733921,-0.055784501135349274,0.13205520808696747,-0.12929710745811462,0.05823180824518204,-0.015501672402024269,-0.1480158269405365,-0.07238272577524185,-0.008049098774790764,0.088847815990448,-0.08470141142606735,-0.07195357978343964,0.24727655947208405,0.05209341645240784,-0.1851966232061386,0.005686939228326082,0.012996653094887733,0.39443475008010864,0.1603626310825348,0.05705183371901512,-0.009867923334240913,0.04326291382312775,0.1725318729877472,-0.26896750926971436,0.06031232327222824,0.1994350105524063,0.18311551213264465,0.07289835810661316,0.06078052893280983,-0.20569351315498352,0.08638045191764832,0.19792482256889343,-0.26801949739456177,0.10584284365177155,0.13206622004508972,-0.15270453691482544,0.05103659629821777,-0.06093001738190651,0.2657577097415924,0.0785650983452797,-0.09427863359451294,-0.13144400715827942,0.1361200213432312,-0.1285347193479538,-0.09105675667524338,0.06545029580593109,-0.07982144504785538,-0.04740535840392113,-0.3091735243797302,-0.04930279403924942,0.347256600856781,0.14782004058361053,-0.1794920712709427,-0.035578660666942596,-0.08145242929458618,-0.028170255944132805,0.06553850322961807,0.07077209651470184,-0.11581890285015106,-0.02997853234410286,-0.08298603445291519,-0.012336365878582,0.1621895581483841,0.039884842932224274,-0.04315604269504547,0.1742658168077469,0.11198697984218597,-0.06061278656125069,0.029929909855127335,-0.04459303990006447,-0.19443239271640778,-0.08264648914337158,-0.07225427776575089,-0.049634017050266266,-0.01095499750226736,-0.16248542070388794,0.04276955500245094,0.1317940354347229,-0.25852590799331665,0.2785010039806366,0.026358840987086296,0.038720957934856415,-0.02189522609114647,0.0384298637509346,-0.095127172768116,0.017464134842157364,0.2516269087791443,-0.272310733795166,0.1996663361787796,0.19696295261383057,0.033745963126420975,0.12216068059206009,0.08080440759658813,0.03468886390328407,-0.08503789454698563,0.019419750198721886,-0.15647178888320923,-0.13968318700790405,-0.045105092227458954,-0.10684134811162949,0.14822900295257568,0.10707352310419083",-0.046709643211216,name@email.com,9876543210,A,Visit 1
1,Nicole Kidman,"-0.10118620842695236,0.07749348878860474,0.09647922217845917,-0.13768638670444489,-0.09863745421171188,0.01703713648021221,0.03184211999177933,-0.07890979945659637,0.2799108326435089,-0.04399903491139412,0.11856542527675629,-0.1172589585185051,-0.348644882440567,0.06812089681625366,-0.01145168300718069,0.14551663398742676,-0.18093182146549225,-0.08865524083375931,-0.12059426307678223,-0.04957206919789314,0.014172202907502651,0.11024828255176544,0.022259632125496864,0.07997067272663116,-0.09034772217273712,-0.2933448851108551,-0.058353494852781296,-0.06412085890769958,0.003454495221376419,-0.10105138272047043,0.018074749037623405,0.19377121329307556,-0.134638711810112,-0.06851639598608017,0.035454198718070984,0.12860770523548126,-0.10455158352851868,-0.19859328866004944,0.15350860357284546,-0.02641480229794979,-0.16495047509670258,-0.0890672504901886,0.054752081632614136,0.214689239859581,0.2511087656021118,-0.008274569176137447,0.0312259029597044,-0.1499483734369278,0.07305292040109634,-0.3959660232067108,0.025293126702308655,0.22155305743217468,-0.06826058030128479,0.12494167685508728,0.13492488861083984,-0.24375516176223755,0.02098126709461212,0.17876781523227692,-0.17804841697216034,0.08362048864364624,0.09507714211940765,-0.06336135417222977,0.049317099153995514,-0.06640888005495071,0.16342628002166748,0.09823201596736908,-0.09255100041627884,-0.1346801519393921,0.17174233496189117,-0.1394256353378296,-0.035697419196367264,0.1247997060418129,-0.1560659408569336,-0.277204692363739,-0.1548772156238556,0.03890910744667053,0.32939058542251587,0.18366849422454834,-0.09493595361709595,0.07496454566717148,-0.1291118711233139,-0.034639742225408554,0.04252442717552185,0.06202104315161705,0.023934250697493553,-0.11604335159063339,-0.08160265535116196,0.04596193879842758,0.24066388607025146,-0.06735800951719284,0.02267642877995968,0.3124253749847412,0.004630181007087231,-0.14045082032680511,-0.006198314018547535,0.037683431059122086,-0.07774926722049713,0.06926599889993668,-0.18475459516048431,-0.049975134432315826,0.09016992151737213,-0.07824023813009262,-0.002899358980357647,0.095196932554245,-0.20497162640094757,0.13376878201961517,-0.0022190017625689507,-0.05580006539821625,0.0019881888292729855,-0.19807709753513336,-0.0920584499835968,0.057395029813051224,0.2939022183418274,-0.2738565504550934,0.21036581695079803,0.15268835425376892,0.040844306349754333,0.19302205741405487,0.000874372199177742,0.14315913617610931,0.09329304099082947,-0.09672508388757706,-0.09228697419166565,-0.025494834408164024,0.09396141767501831,0.08068497478961945,-0.065178781747818,0.044964078813791275",-0.179640203248709,name@email.com,9876543211,B,Visit 2
2,Elton Jhon,"0.04560823738574982,0.016636265441775322,0.0015167566016316414,0.05650440603494644,-0.06935065984725952,-0.022665798664093018,0.032618917524814606,-0.02996588684618473,0.19849367439746857,-0.09642530232667923,0.13483549654483795,-0.044520970433950424,-0.17850258946418762,0.030778048560023308,0.009007073938846588,0.07046833634376526,-0.16354423761367798,-0.05085333436727524,-0.0903269499540329,0.024982409551739693,0.02481875941157341,-0.04240354150533676,0.08315953612327576,-0.06754736602306366,-0.07171325385570526,-0.36019960045814514,-0.13316725194454193,-0.09624063968658447,0.08817397803068161,-0.04796453192830086,0.046541064977645874,0.10625863820314407,-0.14877858757972717,-0.02476854994893074,-0.013394515961408615,0.06364916265010834,-0.1514558643102646,-0.03593135625123978,0.2539761960506439,0.027318336069583893,-0.20788024365901947,0.009952427819371223,0.018141409382224083,0.2450411319732666,0.2120639830827713,0.0224628783762455,0.018743010237812996,-0.05322450026869774,0.02807202935218811,-0.2603851854801178,0.0624060332775116,0.1664198637008667,0.11387842893600464,0.1511290818452835,0.08184465765953064,-0.06802941858768463,0.07924666255712509,0.1091834157705307,-0.1757626235485077,0.0849592462182045,0.10851707309484482,-0.04438239336013794,0.0374412015080452,0.049834974110126495,0.22057630121707916,0.11151521652936935,-0.06076440215110779,-0.08485022932291031,0.12696343660354614,-0.208907812833786,-0.053864285349845886,0.05094970017671585,-0.08269542455673218,-0.1979125738143921,-0.2437860369682312,-0.043564558029174805,0.3576865494251251,0.12175320833921432,-0.07967396080493927,0.011750687845051289,-0.09783080220222473,-0.0939098373055458,0.06213544309139252,0.07039438933134079,-0.11341069638729095,-0.025246446952223778,-0.08366544544696808,0.04647444188594818,0.21841353178024292,-0.07595402002334595,-0.026317456737160683,0.18182851374149323,-0.0125646460801363,-0.034852370619773865,-0.0035110502503812313,-0.018553024157881737,-0.0361248180270195,-0.014453643932938576,-0.17099902033805847,-0.08401532471179962,0.06066856160759926,-0.1745518445968628,-0.032788775861263275,0.08758056908845901,-0.2597133219242096,0.17209333181381226,-0.00565508333966136,-0.04785523936152458,0.06938949972391129,-0.0356617234647274,-0.11700333654880524,0.06043321639299393,0.22156162559986115,-0.23911304771900177,0.23051971197128296,0.16791631281375885,0.018583372235298157,0.10131701081991196,0.05687530338764191,0.07395274192094803,-0.04551555961370468,-0.06625745445489883,-0.1918092519044876,-0.030105315148830414,-0.04209255054593086,0.0808589830994606,0.00705362856388092,0.042446915060281754",-0.038560538552702,name@email.com,9876543212,A,Visit 3
3,Angelina Jolie,"-0.17681360244750977,0.0418790765106678,0.2057763934135437,-0.11737176775932312,-0.09138771891593933,-0.042504891753196716,-0.10178185999393463,-0.11648231744766235,0.16138148307800293,-0.21067407727241516,0.198165625333786,-0.04072895273566246,-0.28363993763923645,0.028468849137425423,0.018024731427431107,0.16028344631195068,-0.2318577617406845,-0.18307240307331085,-0.06061553955078125,-0.06774891167879105,0.08513844758272171,0.07879818975925446,-0.0777510479092598,0.0754394382238388,-0.15683062374591827,-0.376800000667572,-0.13651302456855774,0.041765861213207245,-0.021102767437696457,-0.0702514797449112,0.010594100691378117,0.06449056416749954,-0.2118050456047058,0.039917219430208206,-0.029843978583812714,0.21462121605873108,-0.04040704667568207,-0.14189651608467102,0.08012861013412476,-0.023857757449150085,-0.29673057794570923,-0.05717451125383377,0.1253790408372879,0.2252795249223709,0.25767749547958374,-0.012205895036458969,0.00034047849476337433,-0.04626056179404259,0.11684782058000565,-0.3417104482650757,0.06673889607191086,0.23026101291179657,0.034986019134521484,0.12318500876426697,0.1522320657968521,-0.2530222237110138,-0.011035321280360222,0.06389956176280975,-0.11510469019412994,0.02900148369371891,0.09850461781024933,-0.13655933737754822,0.0962788313627243,-0.08676180243492126,0.16281330585479736,0.08903471380472183,-0.160817950963974,-0.1526997983455658,0.22026382386684418,-0.1657848358154297,-0.01861513778567314,0.11989475786685944,-0.19373585283756256,-0.20775865018367767,-0.35486650466918945,0.03589879348874092,0.4192391633987427,0.09765226393938065,-0.08940913528203964,0.07972583174705505,-0.044256046414375305,-0.033511534333229065,0.024584181606769562,0.18831995129585266,0.0667540580034256,0.03404521197080612,-0.1225663498044014,0.1685861200094223,0.21608218550682068,-0.0024637579917907715,0.01533940527588129,0.25525587797164917,-0.00542752631008625,-0.02868226170539856,0.055308155715465546,0.17742429673671722,-0.1182277649641037,-0.029057718813419342,-0.1714811772108078,0.06881502270698547,-0.01876453310251236,-0.033618468791246414,-0.04693818837404251,0.12482805550098419,-0.05969708040356636,0.1942080557346344,0.0302199125289917,-0.0093915443867445,-0.10748504847288132,-0.04451070725917816,-0.12469383329153061,-0.02485858090221882,0.13776849210262299,-0.2667697072029114,0.15549543499946594,0.15195207297801971,-0.004395872820168734,0.17713642120361328,0.008339432999491692,0.14708901941776276,-0.01452670805156231,-0.11123166233301163,-0.12950178980827332,-0.06178757920861244,-0.04994075745344162,-0.014514241367578506,0.005135245621204376,0.08306179195642471",-0.554536540526897,name@email.com,9876543213,B,Visit 4
4,Jennifer Lawrence,"-0.13256458938121796,0.1856951266527176,0.17883120477199554,-0.09381808340549469,-0.20207922160625458,-0.05055059492588043,-0.06401485949754715,-0.12905482947826385,0.13516724109649658,-0.029580794274806976,0.21307730674743652,-0.07558032870292664,-0.23027487099170685,-0.04153908044099808,-0.032784637063741684,0.21025314927101135,-0.07593229413032532,-0.18892693519592285,-0.054145049303770065,-0.032179199159145355,0.05939497426152229,0.02169039472937584,-0.033725447952747345,0.05106329917907715,-0.18504585325717926,-0.3341961205005646,-0.07150167226791382,0.011523731984198093,-0.06690774857997894,-0.05953088030219078,-0.04734063148498535,0.15818914771080017,-0.23958607017993927,-0.027515195310115814,0.01251092366874218,0.22519350051879883,0.005582401994615793,-0.13334918022155762,0.056879229843616486,0.019625212997198105,-0.2699434757232666,0.009339963085949421,0.09848283976316452,0.23043616116046906,0.19448111951351166,-0.024118907749652863,0.09011368453502655,-0.0903547927737236,0.024628670886158943,-0.2977202832698822,0.12137092649936676,0.1828848421573639,0.02267647162079811,0.07337311655282974,0.04944697394967079,-0.17315706610679626,0.0060869185253977776,0.08772992342710495,-0.22894056141376495,-0.019794529303908348,0.1575264185667038,-0.0784347802400589,-0.07329780608415604,-0.2235027700662613,0.19870558381080627,0.23933301866054535,-0.13131092488765717,-0.15813632309436798,0.1611916571855545,-0.157974511384964,-0.11089391261339188,0.04097611457109451,-0.14093607664108276,-0.14639005064964294,-0.40222975611686707,0.08279221504926682,0.3896891474723816,0.19219616055488586,-0.21231433749198914,-0.006703409366309643,-0.08749888837337494,0.0021805609576404095,-0.03619334101676941,0.11847727000713348,0.04298843443393707,0.03649568930268288,-0.11972872912883759,0.07452663779258728,0.22995969653129578,-0.038364995270967484,0.036403995007276535,0.27720579504966736,0.04750517010688782,-0.0433308444917202,-0.0649382472038269,0.1306588500738144,-0.09934297204017639,-0.0011608824133872986,-0.12058151513338089,0.013510502874851227,-0.031781155616045,-0.032058898359537125,-0.05985601991415024,0.17062681913375854,-0.21277153491973877,0.16559869050979614,-0.006056474056094885,-0.0424865186214447,-0.08021102845668793,-0.0868254080414772,-0.02505619451403618,-0.05128803476691246,0.1329171359539032,-0.22825868427753448,0.14009441435337067,0.1716824769973755,0.02333173342049122,0.13741984963417053,0.07034938782453537,0.13402341306209564,0.03540107607841492,-0.13024498522281647,-0.125054270029068,-0.08380191773176193,0.025200873613357544,-0.08399775624275208,-0.037478577345609665,0.14413537085056305",-0.947413699235767,name@email.com,9876543214,A,Visit 5
5,Scarlett Johansson,"-0.11510404199361801,0.09553296118974686,0.10935336351394653,-0.11098182201385498,-0.045977797359228134,-0.03265591710805893,-0.018764428794384003,-0.07974082976579666,0.2865072190761566,-0.11710243672132492,0.18020570278167725,0.0836452841758728,-0.23202337324619293,-0.024393849074840546,0.06578119844198227,0.18522748351097107,-0.16193793714046478,-0.07919967174530029,-0.044783815741539,-0.04505762830376625,0.11341486871242523,0.13162530958652496,0.034063760191202164,0.14266955852508545,-0.14828383922576904,-0.25869670510292053,-0.06773412972688675,-0.04370737448334694,-0.11821002513170242,-0.17515361309051514,0.054791465401649475,0.07723493874073029,-0.142459899187088,0.0162082277238369,-0.03431755304336548,0.1308429092168808,-0.08271230012178421,-0.15781958401203156,0.1398848444223404,0.1286049336194992,-0.24832583963871002,-0.012071823701262474,-0.018347445875406265,0.2634393870830536,0.2870277464389801,0.01874142698943615,0.02545575425028801,-0.10942663997411728,0.16950978338718414,-0.36976704001426697,-0.04816209897398949,0.0920034646987915,-0.09036619961261749,0.01788107305765152,0.052062470465898514,-0.23298366367816925,0.01818469539284706,0.041400179266929626,-0.29783695936203003,0.023697059601545334,0.06850308924913406,-0.24228104948997498,-0.008622841909527779,-0.06301198154687881,0.21771036088466644,0.16368794441223145,-0.14619426429271698,-0.15921606123447418,0.12376660853624344,-0.23675747215747833,-0.09460917860269547,0.1564742475748062,-0.11016982793807983,-0.24183449149131775,-0.28538569808006287,0.03360065817832947,0.35466283559799194,0.13822431862354279,-0.07350444793701172,0.07537766546010971,-0.0659264549612999,0.016808737069368362,-0.014290520921349525,0.22758519649505615,0.03769578039646149,0.02594008669257164,-0.08784647285938263,0.026895573362708092,0.22232894599437714,0.0041448744013905525,0.0060361409559845924,0.38226747512817383,-0.006256479769945145,-0.0011261766776442528,0.002881733700633049,0.03762596473097801,-0.11688283085823059,0.04106740280985832,-0.09188984334468842,-0.031551212072372437,-0.014340333640575409,-0.0658186674118042,0.07291190326213837,0.08483130484819412,-0.21407297253608704,0.23462074995040894,-0.08233801275491714,-0.035039812326431274,-0.03174548223614693,-0.1107579916715622,-0.11693496257066727,0.027343543246388435,0.16308210790157318,-0.287578821182251,0.16666004061698914,0.16903947293758392,0.09241508692502975,0.19001252949237823,0.019665945321321487,0.16031934320926666,-0.04430314525961876,-0.023488041013479233,-0.16048085689544678,0.03357519581913948,0.045573361217975616,-0.026874985545873642,0.09253229945898056,0.023478448390960693",-0.130893631838262,name@email.com,9876543215,B,Visit 6
6,Bill Gates,"-0.05258599668741226,0.060241129249334335,-0.03486771881580353,0.08949226140975952,-0.07299598306417465,-0.07193708419799805,-0.012640552595257759,-0.13437210023403168,0.0718851387500763,-0.10113132745027542,0.13155832886695862,-0.03387489542365074,-0.2209581583738327,-0.07455003261566162,-0.011042722500860691,0.11949867755174637,-0.13081271946430206,-0.05658222734928131,-0.11847327649593353,-0.07653859257698059,-0.018301989883184433,-0.0022540325298905373,0.0996948704123497,-0.013308085501194,-0.044288598001003265,-0.2674979567527771,-0.08548291027545929,-0.10781345516443253,0.09021985530853271,-0.05880279466509819,-0.022332757711410522,0.08460290729999542,-0.21819119155406952,-0.07792958617210388,0.046993643045425415,0.15314196050167084,-0.051489055156707764,-0.007187251932919025,0.28388190269470215,0.02076813019812107,-0.15482701361179352,0.029479265213012695,0.0913800373673439,0.21866881847381592,0.20311090350151062,-0.004231949802488089,-0.025189289823174477,-0.045371923595666885,0.08285880833864212,-0.1755254566669464,0.054773226380348206,0.13903455436229706,0.20221495628356934,0.05559445917606354,0.03940977901220322,-0.13794079422950745,0.0648331269621849,0.12053569406270981,-0.19355012476444244,0.0653761625289917,0.12854395806789398,-0.1317845731973648,-0.009702417999505997,0.08414941281080246,0.21799908578395844,0.07592502236366272,-0.08488105237483978,-0.10060904920101166,0.17852115631103516,-0.19629302620887756,0.0044171917252242565,0.08023323118686676,-0.06603819876909256,-0.12001797556877136,-0.33046042919158936,-0.011827236041426659,0.39470919966697693,0.16076026856899261,-0.07385976612567902,0.0028922464698553085,-0.1302335411310196,-0.1081295758485794,0.014750215224921703,0.09604711830615997,-0.11732587963342667,-0.044835057109594345,-0.1044595018029213,0.06489091366529465,0.14294284582138062,0.03236693516373634,-0.04161015897989273,0.18386530876159668,-0.0036984458565711975,0.04321879521012306,-0.03441318869590759,-0.027730146422982216,-0.13774043321609497,-0.12070945650339127,-0.10501886159181595,-0.10769441723823547,-0.012134620919823647,-0.17597047984600067,0.04897303506731987,0.17934948205947876,-0.19867350161075592,0.05741513520479202,-0.07080957293510437,-0.02097105234861374,0.027262751013040543,0.03049587830901146,-0.07204148173332214,0.010267697274684906,0.12642431259155273,-0.2211436778306961,0.1866247057914734,0.14888165891170502,-0.020103393122553825,0.05478174611926079,0.1217077225446701,0.08124448359012604,-0.015245034359395504,-0.055179644376039505,-0.2181934416294098,-0.08139465749263763,-0.03936135396361351,0.0034624305553734303,0.11386127769947052,0.06884176284074783",-0.540098324883729,name@email.com,9876543216,A,Visit 7
7,Tom Cruise,"-0.07177027314901352,0.14309409260749817,0.0006976714357733727,0.0688004344701767,-0.1824924200773239,0.06845226883888245,0.043675731867551804,-0.029550597071647644,0.15180271863937378,-0.058727748692035675,0.285442978143692,0.014871343038976192,-0.23472927510738373,-0.09764178097248077,-0.08706928044557571,0.09743383526802063,-0.06040598452091217,-0.08050337433815002,-0.1742645651102066,-0.11124773323535919,0.03806643187999725,0.022375009953975677,-0.07832393050193787,-0.001180434599518776,-0.22334328293800354,-0.2805517911911011,-0.00804636999964714,-0.05974731594324112,0.01090082898736,-0.20481906831264496,-0.024198612198233604,0.1586276739835739,-0.17254148423671722,-0.10420572757720947,0.010725500993430614,0.03783271461725235,-0.06000389903783798,-0.02730882354080677,0.17941956222057343,-0.03481835871934891,-0.10106918215751648,0.07349815964698792,0.0584893524646759,0.30412089824676514,0.2701123058795929,-0.03306231275200844,0.002947509288787842,-0.0952567383646965,0.17899399995803833,-0.3087414503097534,-0.015811016783118248,0.1853744089603424,0.047911934554576874,0.10532171279191971,0.09929365664720535,-0.13337436318397522,-0.04705415293574333,0.1340755820274353,-0.1278737485408783,-0.011844526045024395,-0.033423539251089096,-0.05289515480399132,-0.10470093041658401,-0.12973639369010925,0.11831329762935638,0.05728110298514366,-0.07140818983316422,-0.1303018033504486,0.1572050005197525,-0.1812560260295868,-0.0027208253741264343,0.1076001450419426,-0.09239501506090164,-0.21009349822998047,-0.24933400750160217,0.14023345708847046,0.4171225428581238,0.2105264663696289,-0.18441122770309448,0.04169768467545509,-0.06018845736980438,-0.03871710225939751,0.057190101593732834,-0.050934284925460815,-0.05818295478820801,-0.11396241188049316,-0.08089155703783035,0.09890009462833405,0.23372748494148254,0.00844165775924921,0.003643038449808955,0.22661225497722626,0.03343195468187332,-0.0662967637181282,0.071365587413311,0.03527519106864929,-0.13236962258815765,0.0006373333744704723,-0.10549811273813248,0.012856156565248966,0.10605673491954803,-0.17263154685497284,0.014692800119519234,0.09492656588554382,-0.1630849838256836,0.17383310198783875,-0.06440731883049011,0.05692516267299652,0.022108737379312515,-0.11691656708717346,-0.11187135428190231,0.09463717043399811,0.20615887641906738,-0.26641345024108887,0.23135143518447876,0.059944067150354385,-0.051249511539936066,0.1392032653093338,0.0971963182091713,0.06362420320510864,-0.04182308912277222,-0.027043916285037994,-0.12952430546283722,-0.11348658800125122,0.06698992848396301,-0.10166475176811218,0.01928829587996006,-0.05942507088184357",-0.639484422048554,name@email.com,9876543217,B,Visit 8
8,Sanket,"-0.08112786710262299,0.14245295524597168,0.06877762824296951,-0.06589901447296143,-0.031088940799236298,0.10377239435911179,-0.029268808662891388,-0.0059983134269714355,0.17667390406131744,-0.04365500807762146,0.15641258656978607,0.027282927185297012,-0.19134952127933502,-0.055507007986307144,0.004675662145018578,0.15483660995960236,-0.1677986979484558,-0.18494004011154175,-0.10799174010753632,-0.15719281136989594,0.019282136112451553,0.08048424869775772,-0.10141971707344055,-0.014000527560710907,-0.24242614209651947,-0.3077853322029114,0.03136555850505829,-0.11222925037145615,0.04696916043758392,-0.15006878972053528,-0.041436128318309784,-0.006734199821949005,-0.1871902197599411,-0.04063880443572998,0.04393717646598816,0.1055583506822586,-0.004428663291037083,-0.05918287858366966,0.12743404507637024,0.06100203096866608,-0.12885238230228424,-0.0013997573405504227,0.1511591076850891,0.30487334728240967,0.1698232889175415,0.008986882865428925,0.007530363276600838,-0.016815215349197388,0.12830795347690582,-0.21224452555179596,0.07940765470266342,0.1178317666053772,0.10413287580013275,0.12801384925842285,0.06307172030210495,-0.12958477437496185,-0.033331260085105896,0.13732489943504333,-0.22364068031311035,0.1473100781440735,0.09489716589450836,-0.0715102031826973,-0.13057491183280945,-0.06132285296916962,0.17210093140602112,0.10037261992692947,-0.12115519493818283,-0.1570654660463333,0.12197611480951309,-0.12608429789543152,-0.09213129431009293,-0.03271936625242233,-0.08824024349451065,-0.11892550438642502,-0.306538462638855,0.07763819396495819,0.35822245478630066,0.1500488817691803,-0.19716845452785492,0.014740070328116417,-0.007713403552770615,-0.0039842198602855206,0.09928072243928909,0.06209159269928932,-0.07152881473302841,0.0022800983861088753,-0.010020952671766281,0.058874715119600296,0.2095709592103958,0.09536039084196091,-0.0372205525636673,0.11522901803255081,-0.024141857400536537,-0.055839017033576965,0.004864227958023548,0.06561820209026337,-0.15022984147071838,-0.03514346480369568,-0.14437620341777802,-0.07850172370672226,0.00234194565564394,-0.08238077163696289,0.028819123283028603,0.152321919798851,-0.16619046032428741,0.15091747045516968,0.04810408502817154,-0.012513358145952225,0.04550904408097267,0.12725572288036346,-0.11353413015604019,-0.10047327727079391,0.15678828954696655,-0.1899680644273758,0.16086378693580627,0.2146582454442978,0.046251267194747925,0.09561413526535034,0.1021365225315094,0.08110721409320831,0.031216900795698166,0.06776972115039825,-0.1564977467060089,-0.09885751456022263,-0.011942473240196705,-0.02999979257583618,0.06626874953508377,0.044087015092372894",0.104167768266052,name@email.com,9876543218,A,Visit 9
9,Jeff Bezos,"-0.03337375819683075,0.0791078507900238,0.026664506644010544,-0.0147568853572011,-0.0399281345307827,-0.025628695264458656,0.03200940042734146,-0.07774467766284943,0.012246774509549141,-0.0832885280251503,0.16067565977573395,-0.08787958323955536,-0.22922514379024506,-0.059036266058683395,0.07639040052890778,0.0533585250377655,-0.12612268328666687,-0.20151950418949127,-0.1392824351787567,-0.06569007784128189,0.10825416445732117,-0.0006572029087692499,-0.006322936620563269,0.08396849036216736,-0.21638910472393036,-0.28721773624420166,-0.0925096794962883,-0.15947093069553375,0.16994257271289825,-0.13181841373443604,-0.0077712759375572205,-0.03192484378814697,-0.15209302306175232,-0.04203891009092331,0.006632229313254356,0.07233664393424988,0.02176154963672161,-0.0688277930021286,0.23525041341781616,0.053174372762441635,-0.26888585090637207,0.08394324034452438,-0.029768215492367744,0.31621283292770386,0.24228568375110626,0.03223665431141853,0.05367039889097214,-0.0638720765709877,0.022279633209109306,-0.1897454857826233,0.09001211822032928,0.20464907586574554,0.09602934122085571,0.07636008411645889,0.07870124280452728,-0.10080604255199432,-0.025838036090135574,0.12123410403728485,-0.21886377036571503,0.05580514669418335,0.04158104211091995,-0.01852598786354065,0.07545497268438339,-0.0853256955742836,0.10395185649394989,-0.007998828776180744,-0.11144254356622696,-0.11635200679302216,0.17206090688705444,-0.2536657452583313,-0.1301582306623459,0.06275927275419235,-0.11489002406597137,-0.10294173657894135,-0.3275192677974701,0.03047925978899002,0.37269189953804016,0.18981991708278656,-0.21167254447937012,0.046752654016017914,-0.07860726118087769,-0.05790796875953674,0.10517344623804092,0.11540023982524872,-0.018632078543305397,-0.0012720609083771706,-0.03952822461724281,0.051783233880996704,0.1493169069290161,-0.013873736374080181,-0.004955241456627846,0.15162886679172516,-0.014390494674444199,-0.05559534952044487,0.07422471791505814,0.09362511336803436,-0.16523495316505432,-0.021923940628767014,-0.07806596159934998,-0.053659021854400635,0.009240143932402134,-0.06826695799827576,0.035226091742515564,0.1991344392299652,-0.19216078519821167,0.1813998818397522,-0.03216847404837608,-0.08284863829612732,-0.02335820160806179,0.0709465965628624,-0.057601336389780045,-0.0526779368519783,0.1566878706216812,-0.2540016770362854,0.11681210994720459,0.30294525623321533,-0.0540740005671978,0.02285805158317089,0.0870087593793869,0.05652499943971634,-0.010507527738809586,0.024706492200493813,-0.2513502240180969,-0.09396475553512573,0.011106304824352264,0.009488492272794247,0.023621633648872375,0.0034929211251437664",-0.722319659078494,name@email.com,9876543219,B,Visit 10
10,Jhonny Depp,"-0.14124801754951477,0.20247270166873932,0.1216261014342308,-0.04487674683332443,-0.11877337843179703,-0.03664854168891907,-0.06883074343204498,-0.12228792905807495,0.13058426976203918,-0.06739747524261475,0.2551533579826355,-0.02472034841775894,-0.2805056869983673,-0.015838291496038437,0.06268434226512909,0.06847387552261353,-0.09176307171583176,-0.1545763462781906,-0.13423746824264526,0.011482782661914825,0.019281942397356033,0.03910727798938751,-0.004973371513187885,0.03719635680317879,-0.08235089480876923,-0.34116339683532715,-0.04421538859605789,-0.008748477324843407,-0.04553969204425812,-0.07716064155101776,-0.011482969857752323,0.0010606518480926752,-0.1769481897354126,-0.09617051482200623,0.056870970875024796,0.07828885316848755,-0.055718112736940384,-0.08109784871339798,0.17217107117176056,-0.03350751847028732,-0.21670907735824585,-0.05570392683148384,0.10652463883161545,0.2453295737504959,0.2210620641708374,0.02922394871711731,-0.005777589976787567,-0.05262896791100502,0.090047188103199,-0.20741170644760132,0.11530561745166779,0.1470186412334442,0.18807406723499298,0.07794342190027237,0.1250619739294052,-0.21549290418624878,0.0423327311873436,0.14508657157421112,-0.18985676765441895,0.036451615393161774,0.0872781053185463,-0.10431251674890518,-0.021630357950925827,-0.0035991775803267956,0.23469437658786774,0.12701930105686188,-0.12741155922412872,-0.1264524757862091,0.0920092985033989,-0.0821254625916481,-0.0664580911397934,0.1171913668513298,-0.13153810799121857,-0.1654246747493744,-0.2636464834213257,0.01612093672156334,0.42065417766571045,0.06555110961198807,-0.2746473550796509,-0.07268914580345154,-0.06873856484889984,-0.03584732487797737,0.046148497611284256,0.05354764685034752,-0.0765610933303833,-0.09037581086158752,-0.1437448263168335,-0.008866856805980206,0.20817366242408752,0.056913524866104126,-0.0851803570985794,0.22158126533031464,0.0320710726082325,-0.08970469981431961,0.0800030529499054,0.09849005937576294,-0.08615140616893768,-0.04565734043717384,-0.1274091750383377,-0.07458285987377167,0.036826059222221375,-0.1249484121799469,-0.08471932262182236,0.1136166900396347,-0.24285230040550232,0.11821839213371277,0.04802838712930679,0.04029330611228943,0.01525053195655346,-0.03252599015831947,-0.07285027951002121,-0.052809324115514755,0.12407265603542328,-0.3045303225517273,0.16941054165363312,0.10808312892913818,-0.006133022718131542,0.15320967137813568,0.0070638698525726795,0.06045624613761902,0.041677188128232956,-0.03287554532289505,-0.07449471205472946,-0.14086727797985077,0.014856502413749695,0.03186650201678276,0.10826509445905685,0.06065860018134117",-0.811506804777309,name@email.com,9876543220,A,Visit 11
11,Tejas Muchchandi,"-0.1609533429145813,0.0694536417722702,-0.009089101105928421,-0.0045350948348641396,0.08288680016994476,-0.029362114146351814,-0.01654183864593506,-0.10308702290058136,0.22744926810264587,-0.06930650025606155,0.20749980211257935,0.03802967071533203,-0.1265249401330948,-0.1658073216676712,-0.001616186462342739,0.11488521099090576,-0.18853303790092468,-0.11681028455495834,-0.10623927414417267,-0.13400164246559143,-0.027129584923386574,0.03601854294538498,0.09548711776733398,0.014293333515524864,-0.1711309403181076,-0.36923331022262573,-0.07067660242319107,-0.15954293310642242,0.012314261868596077,-0.00855523906648159,-0.0028113387525081635,0.0729822963476181,-0.23347091674804688,-0.02541911043226719,-0.0646665021777153,0.09635919332504272,0.007745793089270592,0.05250653624534607,0.17146548628807068,0.04121202230453491,-0.11419811099767685,-0.052581384778022766,0.002448437735438347,0.26616284251213074,0.16430288553237915,0.029306773096323013,-0.006829129531979561,-0.044393815100193024,0.06901653856039047,-0.2021891176700592,0.07558298110961914,0.12577112019062042,0.11099030077457428,0.02221027761697769,0.0710124596953392,-0.08945640176534653,-0.014858859591186047,0.023215441033244133,-0.16784487664699554,0.01318133994936943,-0.012754719704389572,-0.026023583486676216,-0.11059939861297607,-0.024686122313141823,0.21939627826213837,0.1819363683462143,-0.07359150052070618,-0.07225357741117477,0.19841857254505157,-0.12135530263185501,0.02109421044588089,0.054954688996076584,-0.07150427997112274,-0.20819362998008728,-0.3173470199108124,0.058748893439769745,0.35968589782714844,0.0913027822971344,-0.1383289396762848,0.027980823069810867,-0.12292434275150299,-0.0312671884894371,0.07296481728553772,0.0170595720410347,-0.15947040915489197,0.04839927703142166,-0.09690070152282715,0.05990657955408096,0.14600613713264465,0.021774809807538986,-0.07337061315774918,0.15646378695964813,-0.025701289996504784,0.0265052430331707,0.031636349856853485,0.042158886790275574,-0.048682816326618195,0.018004056066274643,-0.1424146443605423,0.009971526451408863,0.10458428412675858,-0.0554848350584507,-0.007683561183512211,0.05635685473680496,-0.12954320013523102,0.09836580604314804,0.06311939656734467,-0.051675066351890564,0.06330638378858566,0.07768592238426208,-0.11390632390975952,-0.12307316064834595,0.13597974181175232,-0.20576924085617065,0.16311752796173096,0.14314799010753632,-0.04679558426141739,0.21372367441654205,0.04081716015934944,0.14575566351413727,-0.09864368289709091,0.0044396426528692245,-0.15946491062641144,-0.0358305349946022,0.04904978349804878,0.020036321133375168,0.028169333934783936,0.06642891466617584",-0.310391723178327,name@email.com,9876543221,B,Visit 12
12,Leonardo DiCaprio,"-0.09328992664813995,0.09598206728696823,0.10838160663843155,-0.0067894295789301395,-0.15997189283370972,-0.010310010053217411,0.042184121906757355,-0.08616387099027634,0.10169022530317307,0.013928214088082314,0.2531628906726837,-0.08942469954490662,-0.21778690814971924,-0.08853960782289505,-0.05057716369628906,0.08290491253137589,-0.07829874008893967,-0.1579214483499527,-0.06005636975169182,-0.045617781579494476,0.0662117600440979,-0.0037243191618472338,0.0314907468855381,0.059505805373191833,-0.08105513453483582,-0.3378300070762634,-0.04605071246623993,-0.10563850402832031,0.0361199826002121,-0.17176324129104614,0.008705595508217812,0.14856676757335663,-0.18863172829151154,-0.10946078598499298,-0.004935679957270622,0.11121901124715805,-0.06468793004751205,-0.10425455123186111,0.19765590131282806,-0.038091499358415604,-0.13823990523815155,0.06179842725396156,-0.0158416498452425,0.35550427436828613,0.12391449511051178,0.010157706215977669,0.028739705681800842,-0.07404452562332153,0.1537376195192337,-0.2830716669559479,-0.007951656356453896,0.19238296151161194,0.08933836966753006,0.023201316595077515,0.056791651993989944,-0.05636235326528549,0.11785248667001724,0.07058434933423996,-0.19287262856960297,0.04044598340988159,0.08891633152961731,-0.12069346755743027,-0.008076085709035397,-0.16021676361560822,0.2176952213048935,0.030630605295300484,-0.07297766208648682,-0.04744885489344597,0.03410708159208298,-0.05575794354081154,-0.0886608362197876,0.11983346194028854,-0.15788955986499786,-0.13573169708251953,-0.2834509313106537,0.08101483434438705,0.5162584185600281,0.08940143883228302,-0.21028941869735718,0.03400319814682007,-0.13038431107997894,0.06890787929296494,0.08637334406375885,0.009015627205371857,-0.09653381258249283,-0.0356384739279747,-0.20398057997226715,0.044744931161403656,0.19911040365695953,-0.062025003135204315,-0.07562387734651566,0.1287279576063156,0.04182896018028259,0.04428970068693161,0.06503909826278687,0.0449071004986763,-0.04747013747692108,0.013230474665760994,-0.1090497300028801,0.037026260048151016,0.0653977170586586,-0.11622068285942078,-0.05432708561420441,0.04886872321367264,-0.214097797870636,0.12433577328920364,0.008121056482195854,-0.013919396325945854,0.006092792842537165,-0.09855429828166962,-0.11943595111370087,0.056196101009845734,0.13246993720531464,-0.36092856526374817,0.18706992268562317,0.15888845920562744,0.008389575406908989,0.13601088523864746,0.046467188745737076,0.03483413904905319,-0.109732985496521,-0.045976459980010986,-0.09628710150718689,-0.12276080250740051,0.14770954847335815,0.0538337342441082,0.038534410297870636,-0.015496835112571716",-0.70845218678005,name@email.com,9876543222,A,Visit 13
13,Megan Fox,"-0.1296669840812683,0.1309823840856552,0.08897340297698975,-0.08879183977842331,-0.20095589756965637,-0.04056558758020401,-0.12094142287969589,-0.14319884777069092,0.09825017303228378,-0.06497777253389359,0.15414714813232422,-0.07830538600683212,-0.3613548278808594,0.13986100256443024,-0.16434714198112488,0.13097552955150604,-0.20648105442523956,-0.10772011429071426,-0.07845170050859451,-0.06341373920440674,0.07035041600465775,0.011901933699846268,0.029897423461079597,0.1809968203306198,-0.024042245000600815,-0.32306933403015137,-0.09421619772911072,-0.008319593034684658,-0.005394626408815384,-0.060698263347148895,-0.028728749603033066,0.027085699141025543,-0.25239983201026917,-0.047568947076797485,-0.0021980255842208862,0.10985125601291656,0.0278322771191597,-0.1455615758895874,0.10263841599225998,0.007613463327288628,-0.17997576296329498,-0.06824493408203125,0.18053501844406128,0.27296772599220276,0.2070704698562622,0.06933116912841797,0.02114291489124298,-0.04447576403617859,0.19410161674022675,-0.31454455852508545,0.08011295646429062,0.1879216581583023,0.15832090377807617,0.05858427658677101,0.06673355400562286,-0.24909913539886475,0.03948848694562912,0.11193104088306427,-0.10840614885091782,0.11352400481700897,0.10544385015964508,-0.05002817511558533,0.04964573681354523,-0.13801971077919006,0.28410208225250244,0.10048653185367584,-0.15793539583683014,-0.08600775897502899,0.18854328989982605,-0.16406536102294922,-0.014380054548382759,0.03650052472949028,-0.16196700930595398,-0.1441509872674942,-0.2745223641395569,0.025580935180187225,0.4495995342731476,0.1336282640695572,-0.10037359595298767,0.052569519728422165,-0.12693390250205994,-0.03371316194534302,-0.10407866537570953,0.15069638192653656,-0.057695336639881134,0.07734905183315277,-0.14187610149383545,0.08807149529457092,0.23461417853832245,-0.05401550233364105,0.04490608721971512,0.35706108808517456,0.010435812175273895,-0.02370193600654602,0.056036800146102905,0.12920796871185303,-0.21779321134090424,-0.05652119591832161,-0.15334923565387726,0.030933110043406487,-0.0451011136174202,-0.11947278678417206,-0.022036142647266388,0.040704600512981415,-0.18158794939517975,0.04104549065232277,-0.05147981643676758,0.00546590331941843,-0.05898481234908104,-0.04373443126678467,-0.14397920668125153,-0.11452580988407135,0.17691446840763092,-0.24702958762645721,0.1324881911277771,0.12243679165840149,0.06538636237382889,0.1428464949131012,0.02956458181142807,0.14239579439163208,0.07591894268989563,-0.06854714453220367,-0.01594110019505024,-0.11457940191030502,0.047203924506902695,-0.09658309817314148,-0.034020163118839264,0.07190201431512833",-0.652038291096687,name@email.com,9876543223,B,Visit 14
14,Madonna,"-0.22665676474571228,0.11262397468090057,0.1902572363615036,-0.13028724491596222,-0.1720462292432785,-0.017617477104067802,-0.038279660046100616,-0.1373153179883957,0.13644228875637054,-0.11263012140989304,0.06710170209407806,-0.1263088434934616,-0.25367069244384766,0.06110340356826782,-0.0449470691382885,0.173793226480484,-0.04864043369889259,-0.1872730851173401,-0.11290934681892395,-0.10414828360080719,0.00897405855357647,0.1768500953912735,-0.0658438578248024,0.056044939905405045,-0.09563515335321426,-0.24145358800888062,-0.03547191619873047,-0.050035763531923294,0.017609357833862305,-0.056453779339790344,0.017766986042261124,0.0850735530257225,-0.22428977489471436,-0.06942959129810333,0.019984528422355652,0.1575789898633957,0.003870530752465129,-0.1595579981803894,0.18441763520240784,-0.07697443664073944,-0.2825760245323181,-0.059999898076057434,0.17692245543003082,0.20870386064052582,0.14784500002861023,-0.01889972575008869,-0.014228841289877892,-0.03209470957517624,0.12749339640140533,-0.2778747081756592,-0.069841668009758,0.1025993749499321,0.05013931542634964,0.039125360548496246,0.08067261427640915,-0.2317889928817749,0.057310864329338074,0.11071297526359558,-0.2195439487695694,0.05788106098771095,0.06415723264217377,-0.21012094616889954,0.019273342564702034,-0.06450295448303223,0.24199765920639038,0.02318442612886429,-0.04019811376929283,-0.1634404957294464,0.24331806600093842,-0.14276036620140076,-0.013118426315486431,0.17408952116966248,-0.08866383135318756,-0.11282557994127274,-0.26954615116119385,0.034092552959918976,0.4193303883075714,0.14784781634807587,-0.09545335173606873,0.1427752673625946,-0.07630343735218048,-1.140078529715538e-05,0.0007326614577323198,0.08947557955980301,0.013640543445944786,0.011771444231271744,-0.07283518463373184,0.025464793667197227,0.2866043150424957,-0.029333002865314484,0.03214060142636299,0.23548026382923126,0.061793744564056396,-0.053929079324007034,-0.022215116769075394,0.029194969683885574,-0.12172818183898926,-0.041596829891204834,-0.09383583068847656,0.0017596185207366943,0.06748759746551514,-0.03433952480554581,0.08726568520069122,0.18249204754829407,-0.21868613362312317,0.091792993247509,-0.04875646159052849,-0.05358346551656723,-0.05834280326962471,0.004550582729279995,-0.013611468486487865,-0.03474454954266548,0.17922274768352509,-0.23961405456066132,0.11689729988574982,0.14559392631053925,-0.06909991055727005,0.15615125000476837,0.06844005733728409,0.09977982938289642,0.06924401968717575,-0.004794069565832615,-0.1163097620010376,-0.14980609714984894,0.13528230786323547,-0.04611614719033241,0.07562895119190216,0.1422877013683319",-0.245807084720582,name@email.com,9876543224,A,Visit 15
15,Denzen Washington,"-0.02499397285282612,0.0934743732213974,0.09465789794921875,0.05202815681695938,0.0013168702134862542,-0.04292427375912666,0.032824307680130005,-0.15621386468410492,0.20084454119205475,-0.17514920234680176,0.2209046334028244,-0.0071050808764994144,-0.21759839355945587,-0.15767896175384521,0.07460948079824448,0.16051694750785828,-0.07500573992729187,-0.12327505648136139,-0.16763508319854736,-0.08806539326906204,-0.02567284181714058,0.046122245490550995,0.045180220156908035,-0.004088933579623699,-0.02372099459171295,-0.33604469895362854,-0.08964546769857407,-0.1907697468996048,0.007052484899759293,-0.09178900718688965,-0.08151829987764359,0.04940478131175041,-0.18744125962257385,-0.13222798705101013,-0.05188861861824989,0.01685161329805851,-0.020280256867408752,-0.012279447168111801,0.19158942997455597,-0.05928264558315277,-0.1269068717956543,0.03264012932777405,0.010835232213139534,0.2202041745185852,0.25504061579704285,-0.011142848990857601,0.002882540225982666,-0.007121216505765915,0.08795025944709778,-0.24818246066570282,0.01636388711631298,0.012026241980493069,0.1800939291715622,0.08286869525909424,0.08912022411823273,-0.1897406131029129,-0.0284750834107399,0.04145042970776558,-0.20149382948875427,0.06879336386919022,0.06919365376234055,-0.1473134160041809,-0.07315459102392197,0.053294308483600616,0.3399771749973297,0.09742124378681183,-0.10778434574604034,-0.037842828780412674,0.17754967510700226,-0.15893395245075226,0.08005888015031815,0.04485689476132393,-0.14607708156108856,-0.11915380507707596,-0.26246020197868347,0.09464488178491592,0.38719671964645386,0.1038745865225792,-0.2162322849035263,-0.03290772810578346,-0.16029402613639832,0.06785361468791962,0.020489711314439774,-0.005666259676218033,-0.04538203775882721,-0.039428599178791046,-0.10671617090702057,0.035303860902786255,0.13976417481899261,-0.016516797244548798,-0.03806696832180023,0.23983755707740784,-0.04596040025353432,-0.00744427926838398,0.027865778654813766,-0.025606820359826088,-0.03439325839281082,-0.1085759624838829,-0.1387108564376831,0.013283884152770042,0.01307481899857521,-0.13569363951683044,-0.0016047065146267414,0.09883033484220505,-0.14614827930927277,0.09579433500766754,-0.06716101616621017,0.013544316403567791,0.014139003120362759,0.018748562783002853,-0.08920587599277496,-0.030786819756031036,0.17554761469364166,-0.2048126608133316,0.19134534895420074,0.1175546646118164,-0.05479805916547775,0.1514817178249359,-0.051215458661317825,0.13777221739292145,-0.09817660599946976,-0.02483820915222168,-0.1895088255405426,-0.06667067110538483,0.09324917942285538,0.020810671150684357,0.09959682822227478,0.06276439875364304",-0.906233332469128,name@email.com,9876543225,B,Visit 16
16,Ben Affleck,"-0.12726035714149475,0.14236916601657867,0.08244271576404572,0.006490154191851616,-0.1926630586385727,-0.017591992393136024,-0.018941987305879593,-0.09211563318967819,0.07973082363605499,-0.013006487861275673,0.24131056666374207,-0.04893217235803604,-0.34195080399513245,-0.05702510103583336,0.04419422149658203,0.1282854974269867,-0.1963077187538147,-0.04806838557124138,-0.08217229694128036,-0.05086710676550865,0.08115731179714203,0.10013377666473389,0.061843644827604294,0.02394610084593296,-0.23674267530441284,-0.3646322786808014,-0.04759669303894043,-0.07165472209453583,0.10404617339372635,-0.1679808348417282,0.03178739920258522,0.06931164115667343,-0.1251460611820221,0.0012423265725374222,-0.057917822152376175,0.09375204890966415,-0.0730917751789093,-0.07472509890794754,0.20594146847724915,0.10088714957237244,-0.24836406111717224,0.034563444554805756,-0.05312512814998627,0.32904863357543945,0.2891795337200165,-0.05239386484026909,0.11165940761566162,-0.09932854771614075,0.08842795342206955,-0.271231085062027,0.09669163823127747,0.11817041784524918,0.0873892530798912,0.03683999180793762,0.06374924629926682,-0.21203923225402832,-0.08199653774499893,0.2280392348766327,-0.23901252448558807,0.11832436174154282,0.13432902097702026,-0.08991579711437225,0.011616220697760582,-0.042943570762872696,0.18354889750480652,0.059820398688316345,-0.14228752255439758,-0.07257318496704102,0.173911914229393,-0.11885077506303787,-0.04441588371992111,0.1471245139837265,-0.10681795328855515,-0.1966313123703003,-0.31575825810432434,0.09360255300998688,0.3933750092983246,0.07553721219301224,-0.21635517477989197,-0.07589476555585861,-0.06373824924230576,-0.006664736196398735,0.09253497421741486,0.09968725591897964,-0.05239839106798172,-0.09756779670715332,-0.1354788839817047,0.0868467465043068,0.16264067590236664,-0.03065718151628971,7.126480340957642e-05,0.3325197100639343,0.07736249268054962,-0.025171829387545586,0.07203546166419983,0.1083691418170929,-0.14874260127544403,-0.003875904716551304,-0.038830023258924484,-0.047849755734205246,0.09634634107351303,-0.23349888622760773,0.03813944011926651,0.08950832486152649,-0.16870906949043274,0.2783137559890747,0.029386747628450394,0.0342438705265522,0.03718714416027069,-0.12180733680725098,-0.06800930202007294,0.06183883547782898,0.25441429018974304,-0.31789785623550415,0.2200661450624466,0.17616413533687592,0.0027430253103375435,0.16746900975704193,0.04563304781913757,0.09440978616476059,-0.06063725799322128,-0.04495735093951225,-0.13937033712863922,0.010716346092522144,0.0398515984416008,-0.07774598896503448,0.05639766529202461,0.0603753924369812",0.229158687405288,name@email.com,9876543226,A,Visit 17
17,Akarsh,"-0.15900571644306183,0.04734779894351959,0.10414741933345795,-0.015780020505189896,0.022636346518993378,-0.1086898073554039,-0.0278042983263731,-0.11677204072475433,0.1663607805967331,-0.16268377006053925,0.1945827454328537,0.0309852696955204,-0.1263633370399475,-0.09974796324968338,-0.06902505457401276,0.10714999586343765,-0.09149619936943054,-0.18725068867206573,-0.08243117481470108,-0.12448378652334213,0.07248535007238388,-0.016265008598566055,-0.02686554752290249,0.028266485780477524,-0.17587783932685852,-0.2606039047241211,-0.12214027345180511,-0.13225790858268738,0.08316382765769958,-0.03331213444471359,-0.053534135222435,-0.02855733595788479,-0.18469926714897156,-0.025503380224108696,-0.047711215913295746,0.09651760011911392,0.049204133450984955,0.02272529900074005,0.17996492981910706,-0.03169519454240799,-0.14366300404071808,0.050724469125270844,0.073829784989357,0.24726158380508423,0.14668717980384827,0.032339129596948624,0.052449628710746765,-0.027131320908665657,0.11911717057228088,-0.20506766438484192,0.08005959540605545,0.10580334812402725,0.18585817515850067,0.10895106196403503,0.069312684237957,-0.17749425768852234,0.03974466025829315,0.07488428056240082,-0.21903742849826813,0.17170801758766174,0.05183284729719162,-0.047350093722343445,-0.05272392928600311,0.08118054270744324,0.2219615876674652,0.17651133239269257,-0.10078225284814835,-0.12088869512081146,0.23342975974082947,-0.2275497317314148,0.04864189028739929,0.039049021899700165,-0.0956946536898613,-0.12897096574306488,-0.2232854664325714,0.047670066356658936,0.39988937973976135,0.16005149483680725,-0.14726313948631287,0.07631726562976837,-0.12405642867088318,0.016945693641901016,0.07047368586063385,-0.032010920345783234,-0.14798389375209808,0.06591971218585968,-0.12437520176172256,0.05598542094230652,0.2137572467327118,0.06723393499851227,-0.004262303002178669,0.1846330165863037,0.042076434940099716,0.034993138164281845,0.04688984155654907,0.030621949583292007,-0.10632724314928055,-0.05576362833380699,-0.09343424439430237,0.03320401534438133,-0.004834793508052826,-0.10394404828548431,0.03150542080402374,0.043186917901039124,-0.12728093564510345,0.15198741853237152,-0.01580120250582695,0.020847368985414505,-0.07706733047962189,0.1665571928024292,-0.11034660041332245,-0.05129346251487732,0.11200461536645889,-0.1531732827425003,0.23120862245559692,0.15673810243606567,0.025696860626339912,0.13436879217624664,0.0824100449681282,0.07660238444805145,-0.004944716580212116,-0.0193813256919384,-0.09540413320064545,-0.06616393476724625,-0.018721774220466614,-0.10114091634750366,0.12191310524940491,0.10872631520032883",0.139621385838836,name@email.com,9876543227,B,Visit 18
18,Will Smith,"-0.17233790457248688,0.06795758754014969,0.051106955856084824,0.008249333128333092,0.053464412689208984,-0.15086838603019714,0.0874892920255661,-0.09257872402667999,0.13375821709632874,-0.05887140333652496,0.2558802664279938,0.003832707181572914,-0.15521885454654694,-0.23094509541988373,0.03892245888710022,0.1463550627231598,-0.1552625149488449,-0.15626636147499084,-0.10431543737649918,-0.14563558995723724,-0.04874391481280327,0.03757033869624138,-0.02515897899866104,0.0803823247551918,-0.06798743456602097,-0.3211880028247833,-0.10479237139225006,-0.15384280681610107,0.07087874412536621,-0.0763724148273468,0.023232825100421906,0.09417486190795898,-0.15505333244800568,-0.02553698979318142,-0.006354035343974829,0.10826714336872101,0.10225916653871536,0.03703607618808746,0.1316778063774109,0.0696432814002037,-0.0799805223941803,-0.01780684106051922,0.01913081482052803,0.34983786940574646,0.20796971023082733,0.003372534178197384,0.029732253402471542,-0.0005547869950532913,0.08503488451242447,-0.1639108806848526,0.009683864191174507,0.06644893437623978,0.1427999883890152,0.05717378109693527,0.06468448042869568,-0.19198499619960785,-0.036867644637823105,0.06629466265439987,-0.18346242606639862,0.05601586773991585,-0.0028863903135061264,-0.10129263997077942,-0.13837125897407532,-0.03402167558670044,0.27822303771972656,0.0779157355427742,-0.1611865609884262,-0.11095479875802994,0.20650418102741241,-0.18712158501148224,-0.02544652856886387,0.05543623864650726,-0.09564892947673798,-0.06925123929977417,-0.27871042490005493,0.12079060077667236,0.35906121134757996,0.12627017498016357,-0.21224190294742584,0.05368544161319733,-0.17352482676506042,0.03385917469859123,0.016849437728524208,0.06021227315068245,-0.10127360373735428,0.0524698905646801,-0.14947611093521118,-0.03756866976618767,0.08270537108182907,0.1024407222867012,-0.013053092174232006,0.18059030175209045,-0.06786656379699707,0.06625751405954361,0.004239707253873348,-0.06043288856744766,-0.07184950262308121,-0.03349558636546135,-0.05241917446255684,-0.07712829113006592,0.027703290805220604,-0.12608639895915985,0.0075022755190730095,0.054615359753370285,-0.17261365056037903,0.17401011288166046,0.022600000724196434,0.07401109486818314,-0.003678666427731514,0.09150175005197525,-0.021235503256320953,0.011752188205718994,0.12614107131958008,-0.28158631920814514,0.21501877903938293,0.17781934142112732,-0.0071710506454110146,0.1698293536901474,0.030562877655029297,0.11938054114580154,-0.11014117300510406,-0.04544391855597496,-0.13429862260818481,-0.02431510202586651,0.006328050512820482,-0.08036910742521286,0.05656595155596733,0.05184078589081764",-0.289048062637448,name@email.com,9876543228,A,Visit 19
19,Tom Hanks,"-0.0062230490148067474,0.11832518875598907,-0.005197936203330755,-0.01372517179697752,-0.033785946667194366,-0.05810083448886871,0.00761778000742197,-0.16440755128860474,0.15307150781154633,-0.06091972813010216,0.18762291967868805,-0.059975918382406235,-0.3023988604545593,-0.06902783364057541,-0.05372800678014755,0.11781372129917145,-0.16195298731327057,-0.10861197113990784,-0.10422905534505844,-0.15548013150691986,-4.637939855456352e-05,0.049677975475788116,0.016137240454554558,0.058656446635723114,-0.07964499294757843,-0.2474565953016281,-0.1256304234266281,-0.03439033776521683,0.03544130548834801,-0.0612080916762352,0.03957350552082062,0.07434437423944473,-0.2073715180158615,-0.07576708495616913,0.036429256200790405,0.025867823511362076,-0.04965448006987572,-0.0666254535317421,0.2797578275203705,0.07283324003219604,-0.07314867526292801,0.11571257561445236,0.03457477688789368,0.2849711775779724,0.22512955963611603,0.02291269786655903,-0.005456734448671341,-0.11390262842178345,0.15109966695308685,-0.18459409475326538,0.021968800574541092,0.2714868187904358,0.1780606508255005,0.04543379694223404,-0.0015340056270360947,-0.10704998672008514,-0.014988739043474197,0.18730977177619934,-0.2524432837963104,0.04375583678483963,0.07321062684059143,-0.12020622938871384,-0.017962004989385605,-0.01530677080154419,0.1695765107870102,0.07897502928972244,-0.15243855118751526,-0.13636845350265503,0.18224753439426422,-0.19276808202266693,-0.08920043706893921,0.013708687387406826,-0.11219668388366699,-0.14027078449726105,-0.3494578003883362,0.08152209967374802,0.38442307710647583,0.11458038538694382,-0.1738412082195282,0.04528624564409256,-0.12463266402482986,-0.04008946940302849,0.013545808382332325,0.09188521653413773,-0.12015700340270996,-0.1280742883682251,-0.1075938269495964,-0.001043105497956276,0.15932273864746094,0.028027735650539398,-0.10449586063623428,0.2188233882188797,0.013537849299609661,0.032130077481269836,0.008927112445235252,0.04706796631217003,-0.17608849704265594,-0.07729805260896683,-0.10343502461910248,-0.040221504867076874,-0.0378621406853199,-0.06588277965784073,0.004820705391466618,0.15394993126392365,-0.15386947989463806,0.20147693157196045,-0.03409045562148094,-0.05258336290717125,-0.06367296725511551,-0.021421944722533226,-0.07242017984390259,0.011717187240719795,0.13779495656490326,-0.28469619154930115,0.1948871910572052,0.10766716301441193,-0.014510171487927437,0.1302468478679657,0.07778920233249664,0.09351413697004318,-0.036170847713947296,-0.019815713167190552,-0.14650677144527435,-0.16497816145420074,0.02144072949886322,0.025373779237270355,0.13894842565059662,0.03230488672852516",-0.805989551357925,name@email.com,9876543229,B,Visit 20
20,Jerry Seinfeld,"0.014179647900164127,0.10034238547086716,0.025533204898238182,-0.05118902400135994,-0.09391853213310242,0.03978295624256134,-0.053578391671180725,-0.13840554654598236,0.103151835501194,-0.044424738734960556,0.22787955403327942,0.03160279244184494,-0.2630746364593506,-0.013952597975730896,-0.05695702135562897,0.12380167841911316,-0.25627976655960083,-0.07017342746257782,-0.13422216475009918,-0.12854838371276855,0.020551439374685287,0.08794619143009186,0.041420698165893555,0.033177584409713745,-0.13151368498802185,-0.3251327872276306,-0.10192393511533737,-0.09585630893707275,0.11775808781385422,-0.09156133234500885,-0.027478052303195,-0.039845529943704605,-0.173714280128479,-0.011548951268196106,0.05816107988357544,-0.021765904501080513,-0.043251242488622665,-0.1301107257604599,0.19446521997451782,0.08793690800666809,-0.0708651915192604,0.09505180269479752,0.050093866884708405,0.28606507182121277,0.153377965092659,0.07004684209823608,0.0942184180021286,-0.09714294224977493,0.11722438782453537,-0.26790669560432434,0.1386929601430893,0.156767800450325,0.11744525283575058,0.046504657715559006,0.06529220193624496,-0.22061429917812347,-0.0347873717546463,0.1650417298078537,-0.1511498987674713,0.21219436824321747,0.09340719133615494,-0.04632299765944481,-0.022488830611109734,-0.03873986750841141,0.23509979248046875,0.10724587738513947,-0.13707786798477173,-0.11284632980823517,0.1963968127965927,-0.09776026010513306,-0.03998571261763573,-0.020351367071270943,-0.1380150318145752,-0.16305644810199738,-0.22451895475387573,0.08635902404785156,0.5334750413894653,0.1397569179534912,-0.20841223001480103,-0.02713356912136078,-0.16618821024894714,0.006270598620176315,0.07687424123287201,0.050820790231227875,-0.09040065109729767,-0.11465547978878021,-0.1054711863398552,0.07493379712104797,0.24607427418231964,-0.03486339747905731,-0.04555515572428703,0.279768168926239,0.017485253512859344,-0.0033694440498948097,0.02822130173444748,0.017614509910345078,-0.15607520937919617,-0.016503257676959038,-0.048901092261075974,-0.0036356933414936066,0.017277121543884277,-0.15841132402420044,0.021866824477910995,0.13210496306419373,-0.18084241449832916,0.1508813500404358,0.011349029839038849,-0.06315986812114716,0.08135339617729187,0.07036440819501877,-0.1443016678094864,-0.08951803296804428,0.20292344689369202,-0.30052247643470764,0.26424843072891235,0.22782209515571594,0.10200901329517365,0.15688936412334442,0.008190576918423176,0.143720343708992,0.029091430827975273,-0.00042035430669784546,-0.1404750496149063,-0.10903744399547577,-0.010411086492240429,-0.030964285135269165,-0.007757814601063728,0.05157588794827461",0.298136437311769,name@email.com,9876543230,A,Visit 21
21,Kate Winslet,"-0.24759408831596375,0.14672905206680298,0.1599866896867752,-0.1282903105020523,-0.2024661898612976,-0.029465651139616966,-0.14685091376304626,-0.12703773379325867,0.2681385278701782,-0.11093407869338989,0.17434166371822357,-0.021656321361660957,-0.22205352783203125,0.012555578723549843,-0.022712018340826035,0.18690581619739532,-0.13750801980495453,-0.13265705108642578,-0.05675050988793373,-0.051804669201374054,0.10185729712247849,0.07563302665948868,0.003992445766925812,0.07609611004590988,-0.13795384764671326,-0.33508989214897156,-0.08519396185874939,-0.015810273587703705,0.023254483938217163,-0.09573326259851456,-0.05099573731422424,0.008220008574426174,-0.16332536935806274,-0.0784619152545929,-0.01930885761976242,0.19144576787948608,-0.08846087008714676,-0.16701646149158478,0.13404114544391632,-0.015937473624944687,-0.25927096605300903,-0.0628264769911766,0.10268194228410721,0.23782959580421448,0.2547498941421509,0.0437801331281662,0.03151923418045044,-0.09613795578479767,0.18378795683383942,-0.36778053641319275,0.051139336079359055,0.16501787304878235,-0.015343748964369297,0.06886015832424164,0.2149701863527298,-0.19673986732959747,-0.008129887282848358,0.13877564668655396,-0.1697043627500534,0.06907520443201065,0.10193169116973877,-0.1347668617963791,-0.0077711367048323154,-0.22680357098579407,0.26487818360328674,0.14426283538341522,-0.11798460781574249,-0.13795866072177887,0.21162115037441254,-0.09410156309604645,-0.12262440472841263,0.0979040265083313,-0.1150030866265297,-0.19522981345653534,-0.37017983198165894,0.01823294162750244,0.3978637158870697,0.21262840926647186,-0.1451585441827774,0.07969671487808228,-0.09558948874473572,-0.02403213642537594,-0.053807541728019714,0.08843772113323212,0.05094221234321594,0.014133506454527378,-0.13384851813316345,-0.03751784935593605,0.25772279500961304,-0.04593890905380249,0.06747719645500183,0.29893720149993896,0.05910700932145119,-0.01731175370514393,-0.020421640947461128,0.11483647674322128,-0.21552172303199768,-0.06208634003996849,-0.20146889984607697,-0.08979149162769318,0.049681536853313446,-0.04576893895864487,0.026036566123366356,0.10548748821020126,-0.22239340841770172,0.1963420957326889,0.013649915345013142,-0.02154877781867981,-0.08230390399694443,-0.07192391902208328,-0.11788441240787506,0.020234394818544388,0.19313094019889832,-0.2513861656188965,0.19640757143497467,0.14765116572380066,0.10407500714063644,0.21566727757453918,0.0961504727602005,0.10250511765480042,-0.014166632667183876,-0.03654278814792633,-0.05016297101974487,-0.1337161809206009,-0.004858043510466814,-0.02320050448179245,0.01436300203204155,0.1832723319530487",-0.53712438326329,name@email.com,9876543231,B,Visit 22
22,Sandra Bullock,"-0.1445455551147461,0.1458083689212799,0.0981542244553566,-0.07524356991052628,-0.032993197441101074,0.017397241666913033,-0.0861458107829094,-0.04746536538004875,0.24570384621620178,-0.10596337914466858,0.26661258935928345,-0.027723489329218864,-0.28935134410858154,0.01629813387989998,-0.03711441159248352,0.1515434980392456,-0.2013269066810608,0.0020157387480139732,-0.10205896198749542,-0.08444976061582565,0.134715735912323,0.10486672073602676,0.06003821641206741,0.1290692389011383,-0.1902632713317871,-0.3071407377719879,-0.0902826339006424,-0.07585284113883972,0.07188140600919724,-0.1810506135225296,-0.009060037322342396,0.02818933315575123,-0.12710852921009064,0.053001709282398224,-0.006294682621955872,0.1343807876110077,-0.0751771330833435,-0.08325780928134918,0.13236451148986816,0.0016638468950986862,-0.20558321475982666,-0.0835505947470665,0.0038665588945150375,0.21209189295768738,0.2797223627567291,-0.00707204919308424,-0.008988717570900917,-0.10387945920228958,0.17070157825946808,-0.3163225054740906,0.04079265519976616,0.23430533707141876,-0.009726030752062798,0.10830766707658768,0.20201171934604645,-0.10574085265398026,-0.0350872278213501,0.20629869401454926,-0.18799017369747162,0.02362951636314392,0.04567699506878853,-0.08672237396240234,-0.02401159331202507,-0.10463151335716248,0.08100919425487518,0.11826585233211517,-0.17365312576293945,-0.2008369117975235,0.15083828568458557,-0.21926923096179962,-0.008720749989151955,0.24812409281730652,-0.11040617525577545,-0.24417370557785034,-0.25992870330810547,0.019068345427513123,0.3491306006908417,0.19993312656879425,-0.0640707015991211,0.07919960469007492,-0.04503832757472992,-0.09024986624717712,-0.023814624175429344,0.11191835254430771,-0.021879181265830994,0.024161197245121002,-0.07428061962127686,0.0989251583814621,0.11166014522314072,-0.017347367480397224,0.07176508754491806,0.34342753887176514,-0.05627116560935974,-0.016189493238925934,-0.0068788244388997555,0.10521332919597626,-0.2036331444978714,-0.05793197453022003,-0.0691344290971756,-0.09024069458246231,0.04489335045218468,-0.043577078729867935,0.006092671770602465,0.042219921946525574,-0.13198783993721008,0.2163059562444687,-0.06485949456691742,0.02358405292034149,0.0019113663583993912,-0.08072472363710403,-0.09116919338703156,0.025668324902653694,0.21514742076396942,-0.29834696650505066,0.13228946924209595,0.09201417118310928,-0.0005928126629441977,0.09886796772480011,0.020343918353319168,0.13433676958084106,-0.03136289119720459,-0.0818803682923317,-0.11120396107435226,-0.03400300443172455,0.004340396728366613,-0.08973368257284164,-0.02218533679842949,-0.09238825738430023",-0.395375181222335,name@email.com,9876543232,A,Visit 23
23,Mindy Kaling,"-0.1525724232196808,-0.03371984139084816,0.06375572085380554,-0.0702010989189148,-0.03930776193737984,-0.040344785898923874,-0.0334797166287899,-0.07426787912845612,0.21144571900367737,-0.0820319652557373,0.19676610827445984,-0.01041286252439022,-0.3049369156360626,0.011836925521492958,-0.05257859826087952,0.10604305565357208,-0.17172859609127045,-0.14004169404506683,-0.09305611997842789,-0.026846889406442642,-0.04716166481375694,0.04486751928925514,0.08776505291461945,0.037137750536203384,-0.1425289809703827,-0.4014205038547516,-0.10431171953678131,-0.04769577831029892,-0.054278530180454254,-0.013593248091638088,0.06247324123978615,0.11561383306980133,-0.23657526075839996,-0.0875939205288887,0.06428262591362,0.1453864723443985,-0.061305008828639984,-0.08995550870895386,0.2591708302497864,-0.023077215999364853,-0.22188764810562134,-0.12277991324663162,0.10859788954257965,0.2262718677520752,0.14910545945167542,0.09360652416944504,-0.03968629986047745,-0.10345828533172607,0.04356842488050461,-0.2868039906024933,0.04919912666082382,0.19042375683784485,0.10214318335056305,0.0778048187494278,0.033434778451919556,-0.14507555961608887,0.05783074349164963,0.16353406012058258,-0.23828744888305664,-0.06308751553297043,-0.03314698860049248,-0.07422949373722076,-0.0075858584605157375,-0.07680212706327438,0.2861328721046448,0.11348170787096024,-0.16315150260925293,-0.07763272523880005,0.2363394796848297,-0.14309000968933105,-0.012249868363142014,0.11913365125656128,-0.07373921573162079,-0.25847023725509644,-0.24582628905773163,-0.022969260811805725,0.344247043132782,0.07705920189619064,-0.12633833289146423,0.05487760901451111,-0.11808199435472488,-0.10004238039255142,-0.05298427492380142,0.111200250685215,-0.055022791028022766,0.016156597062945366,-0.018747251480817795,-0.007364274933934212,0.20693811774253845,0.020198775455355644,-0.032296184450387955,0.19823713600635529,0.018498357385396957,-0.024497536942362785,0.08684125542640686,0.09554776549339294,-0.08549419790506363,0.004539141897112131,-0.19882598519325256,-0.00371511559933424,0.060868725180625916,0.0023375917226076126,0.001054555643349886,0.0832396000623703,-0.18754372000694275,0.1628197580575943,0.024977056309580803,-0.11836517602205276,0.0879594013094902,-0.07271843403577805,-0.04399639368057251,-0.11951947957277298,0.1771087646484375,-0.3709014058113098,0.1762799769639969,0.13731087744235992,-0.03066391311585903,0.25570204854011536,0.013035227544605732,0.1219572126865387,-0.015440516173839569,-0.03407508134841919,-0.20550407469272614,-0.10576900839805603,0.0888434648513794,-0.03305281326174736,0.08828702569007874,0.027867676690220833",-1.00480164913461,name@email.com,9876543233,B,Visit 24
24,Aakash,"-0.12463711202144623,0.03720949590206146,0.03765511140227318,-0.030994853004813194,-0.07069828361272812,-0.06536201387643814,0.002277916297316551,-0.06558320671319962,0.18281050026416779,-0.20075009763240814,0.1958412379026413,-0.007326276041567326,-0.2018594592809677,-0.037079524248838425,-0.012754082679748535,0.09521599113941193,-0.07732056826353073,-0.11563647538423538,-0.03742833435535431,-0.11887089908123016,0.11843235790729523,0.043807338923215866,-0.054255761206150055,0.011576004326343536,-0.18780571222305298,-0.3256738483905792,-0.11617884784936905,-0.07732471823692322,-0.0012709293514490128,-0.035360630601644516,0.05556778609752655,0.030081162229180336,-0.15559695661067963,-0.011694420129060745,0.007309301756322384,0.10356487333774567,-0.032782334834337234,0.004633874632418156,0.14423522353172302,-0.013797605410218239,-0.13980287313461304,-0.0005546677857637405,0.05641316622495651,0.25177088379859924,0.03727081045508385,0.0700441524386406,0.06867901980876923,-0.09615694731473923,0.07596486806869507,-0.21905140578746796,0.0699298232793808,0.10006075352430344,0.0514800064265728,0.08077960461378098,0.0783505067229271,-0.18886807560920715,0.08301883935928345,0.09562665969133377,-0.22365432977676392,0.1547837108373642,0.08308285474777222,-0.12147566676139832,-0.07439612597227097,0.06373356282711029,0.19905053079128265,0.06670277565717697,-0.08988498896360397,-0.09686048328876495,0.21230296790599823,-0.190480038523674,0.01852603442966938,0.05954420194029808,-0.05975327268242836,-0.23869678378105164,-0.21264725923538208,0.08222276717424393,0.4357328414916992,0.2053716629743576,-0.10285226255655289,0.08308002352714539,-0.07060978561639786,0.022513950243592262,0.12864543497562408,0.02973977103829384,-0.07464383542537689,-0.0017522657290101051,-0.14310815930366516,0.12055403739213943,0.19769129157066345,0.008560522459447384,0.0032786682713776827,0.24863187968730927,0.04875509440898895,0.02817275933921337,0.03110993467271328,0.035280536860227585,-0.1472610980272293,-0.02052988111972809,-0.07174122333526611,-0.023059483617544174,0.12474855780601501,-0.13563159108161926,0.019706808030605316,0.06916110217571259,-0.19908949732780457,0.21150395274162292,-0.034177765250205994,-0.03850019723176956,-0.023674368858337402,0.06761676073074341,-0.10514216870069504,-0.007560130208730698,0.12209013104438782,-0.20227476954460144,0.1906181126832962,0.16971562802791595,0.06009111553430557,0.24254128336906433,0.08842422068119049,0.06145486235618591,0.019305143505334854,-0.11132706701755524,-0.19134460389614105,-0.07227078080177307,-0.02302323654294014,-0.02073279209434986,0.07830711454153061,0.06127073988318443",0.392597785452381,name@email.com,9876543234,A,Visit 25
25,Natalie Portman,"-0.17676232755184174,0.12332866340875626,0.16902294754981995,-0.1325390636920929,-0.14477220177650452,-0.03165894374251366,0.022010965272784233,-0.06718096882104874,0.1969081610441208,-0.10931167751550674,0.19047918915748596,-0.10091570019721985,-0.3246060907840729,0.08761075884103775,-0.08332891017198563,0.1616012454032898,-0.15617406368255615,-0.185115247964859,-0.03782280907034874,-0.08903710544109344,0.1800054907798767,0.007202182896435261,-0.0302718598395586,0.061906587332487106,-0.2112288773059845,-0.24269957840442657,-0.12430944293737411,0.013073250651359558,0.006761802360415459,-0.11418551206588745,0.0783209428191185,0.11130331456661224,-0.18101473152637482,0.034417830407619476,-0.0055580660700798035,0.2068749964237213,-0.004832877777516842,-0.24439723789691925,0.18903622031211853,0.06065324693918228,-0.21814794838428497,-0.019900647923350334,0.10196688771247864,0.24340808391571045,0.16753233969211578,0.04278898239135742,0.04855220392346382,-0.06940332055091858,0.12118469923734665,-0.28020650148391724,-0.006592348217964172,0.19956837594509125,0.09113123267889023,0.11650975793600082,0.11234954744577408,-0.250785768032074,0.09660834819078445,0.13457398116588593,-0.2088402360677719,-0.011568812653422356,0.07096846401691437,-0.1261536180973053,0.05598767101764679,-0.15928535163402557,0.1963154673576355,0.10025572031736374,-0.10524111241102219,-0.1197512298822403,0.3127918243408203,-0.12686721980571747,-0.10612872987985611,0.15844188630580902,-0.14141589403152466,-0.15573662519454956,-0.1721552610397339,0.03198986127972603,0.3931373059749603,0.21232052147388458,-0.11840540915727615,0.057082757353782654,-0.05054552108049393,-0.004698983859270811,-0.044743794947862625,0.15270234644412994,-0.007946621626615524,0.022581961005926132,-0.1306380033493042,-0.010004084557294846,0.2713998854160309,-0.014194924384355545,0.005790217779576778,0.2578433156013489,0.09105602651834488,-0.04453638568520546,-0.0042772600427269936,-0.0348040871322155,-0.13641121983528137,0.02751273103058338,-0.11315315961837769,-0.04032677412033081,-0.06048562377691269,-0.08958658576011658,-0.0810157060623169,0.08966388553380966,-0.2145707756280899,0.14806199073791504,-0.02678339183330536,-0.10187184810638428,-0.20809759199619293,-0.07535390555858612,-0.05603780597448349,0.1166754886507988,0.14919540286064148,-0.3605685830116272,0.14006277918815613,0.21911413967609406,0.008183575235307217,0.16360853612422943,0.07621501386165619,0.1371477097272873,0.08270680904388428,-0.09701798856258392,-0.12610343098640442,-0.15900743007659912,0.04067748785018921,-0.07000505179166794,0.02619815245270729,0.074411541223526",-0.2903031562455,name@email.com,9876543235,B,Visit 26
26,Robert Downey Jr,"-0.024050680920481682,0.015808161348104477,0.10939893871545792,0.0294300839304924,-0.06902477890253067,-0.054492417722940445,-0.06970664858818054,-0.07047582417726517,0.15603312849998474,-0.0642080008983612,0.2427854686975479,0.009155090898275375,-0.19924156367778778,-0.012891028076410294,-0.029863297939300537,0.12049902975559235,-0.085111603140831,-0.019046582281589508,-0.1981336623430252,-0.08374833315610886,-0.08867007493972778,0.0623183473944664,0.10457640886306763,0.02155510149896145,-0.09328193962574005,-0.30722054839134216,-0.10964938998222351,-0.08849772810935974,0.12298014760017395,-0.12174669653177261,-0.0332132950425148,0.02461993508040905,-0.1617368459701538,-0.11085736006498337,0.026260340586304665,0.06542281806468964,-0.1099543496966362,-0.10910138487815857,0.23627972602844238,0.14578433334827423,-0.14952993392944336,0.022166995331645012,0.05855925381183624,0.3065262734889984,0.22235746681690216,0.05806935578584671,0.06720048934221268,-0.05346883088350296,0.07951731234788895,-0.24168260395526886,0.0889674574136734,0.10160068422555923,0.17416658997535706,0.08418494462966919,0.18185247480869293,-0.1860262155532837,0.09280123561620712,0.1908460408449173,-0.16496862471103668,0.15993942320346832,0.06707728654146194,-0.011702800169587135,0.05528954789042473,0.06967853009700775,0.21319513022899628,0.08799298107624054,-0.06912418454885483,-0.08136182278394699,0.060698799788951874,-0.16886690258979797,-0.012275299057364464,0.1252536028623581,-0.08681001514196396,-0.16958996653556824,-0.32120952010154724,-0.01088901050388813,0.40179651975631714,0.14197827875614166,-0.16660583019256592,-0.017503006383776665,-0.04789602383971214,-0.11161850392818451,0.07654204219579697,0.08038660883903503,-0.1254168450832367,-0.050790853798389435,-0.09065112471580505,-0.029346978291869164,0.19685812294483185,0.04123038426041603,0.00022446084767580032,0.22598376870155334,-0.003611832857131958,-0.07285287976264954,0.0014798510819673538,-0.019818341359496117,-0.178742453455925,-0.03724158555269241,-0.05736809968948364,-0.0962676927447319,0.0212263111025095,-0.12299694120883942,0.025931328535079956,0.008846108801662922,-0.27967968583106995,0.12408213317394257,-0.01577887311577797,-0.06278274208307266,0.042771611362695694,-0.019961338490247726,-0.11838344484567642,0.032519396394491196,0.2288558930158615,-0.28954944014549255,0.18761736154556274,0.22113262116909027,0.03783696889877319,0.09769868850708008,0.09864580631256104,0.045951634645462036,-0.024462739005684853,0.040860407054424286,-0.050608471035957336,-0.06110510602593422,-0.07068703323602676,-0.08872158080339432,0.08476149290800095,0.0331663079559803",0.20735383220017,name@email.com,9876543236,A,Visit 27
27,Elon Musk,"-0.0803050696849823,0.11563050746917725,0.10551369935274124,-0.02893470786511898,-0.15689170360565186,0.04364124312996864,-0.017971010878682137,-0.16822220385074615,0.16638489067554474,-0.07365387678146362,0.24840252101421356,-0.08285941928625107,-0.2814961075782776,0.023661164566874504,0.016539284959435463,0.09437736123800278,-0.12536334991455078,-0.1592704802751541,-0.039181508123874664,-0.13550099730491638,0.0986340194940567,0.10131407529115677,0.03290765359997749,-0.05095068737864494,-0.13112132251262665,-0.3288765251636505,-0.07912777364253998,-0.08871676027774811,0.1903761774301529,-0.047585196793079376,0.07090330123901367,0.08839153498411179,-0.18703413009643555,-0.0504746250808239,0.05117934197187424,0.04052141681313515,-0.10862762480974197,-0.07736386358737946,0.20445209741592407,-0.024739321321249008,-0.19097499549388885,-0.06887389719486237,0.003682214766740799,0.21466383337974548,0.1487101912498474,0.04776156321167946,0.01843256875872612,-0.10005199909210205,0.028715889900922775,-0.17849433422088623,0.09422355145215988,0.22224563360214233,0.06383736431598663,0.07595499604940414,0.11857736110687256,-0.1513122022151947,-0.0016873162239789963,0.17750728130340576,-0.19760426878929138,0.07958115637302399,0.131804957985878,-0.0677199512720108,0.014748106710612774,-0.0849105566740036,0.186427503824234,0.028278231620788574,-0.046544890850782394,-0.14095920324325562,0.18598531186580658,-0.06954924017190933,-0.11136726289987564,0.14387544989585876,-0.1861657202243805,-0.13142919540405273,-0.25964194536209106,-0.012347007170319557,0.44186943769454956,0.04571542888879776,-0.10151881724596024,0.02867310866713524,-0.006548753008246422,0.016920844092965126,0.10898692905902863,0.020666982978582382,-0.0516955628991127,-0.10420326143503189,-0.04910900443792343,-0.00012135971337556839,0.15704454481601715,-0.04166097193956375,-0.10165519267320633,0.20728372037410736,-0.06298155337572098,-0.02017081342637539,0.049202755093574524,0.07422973215579987,-0.05513976886868477,-0.0386204719543457,-0.08563411235809326,-0.13334843516349792,0.03920101746916771,-0.07033605873584747,-0.00040892232209444046,0.16443833708763123,-0.178711399435997,0.1372738778591156,-0.009987130761146545,0.06382020562887192,0.017015255987644196,-0.03717323765158653,-0.06426297128200531,0.004405950661748648,0.19886323809623718,-0.3019558787345886,0.21133573353290558,0.1645507663488388,-0.04514288902282715,0.10457093268632889,0.027851112186908722,0.05028344690799713,-0.014058483764529228,-0.049695514142513275,-0.2078506052494049,-0.09904246777296066,0.04250567406415939,0.0037484937347471714,-0.015437982976436615,0.04879152774810791",-0.363281360827386,name@email.com,9876543237,B,Visit 28
28,Brad Pitt,"-0.034640491008758545,0.14674407243728638,0.0476553775370121,-0.034061215817928314,-0.13111576437950134,0.003642037510871887,-0.07691723108291626,-0.06404406577348709,0.1677488535642624,-0.035808540880680084,0.22131681442260742,0.03429151698946953,-0.23874875903129578,-0.1260080486536026,-0.06289665400981903,0.07091355323791504,-0.09269098192453384,-0.09667141735553741,-0.058873653411865234,-0.007345380261540413,0.018986454233527184,0.07025135308504105,0.07401803135871887,0.04335254430770874,-0.10025441646575928,-0.3781944513320923,-0.13580428063869476,-0.04629363864660263,0.04154727980494499,-0.13334588706493378,-0.013789004646241665,0.07255057990550995,-0.1849663406610489,-0.10410279035568237,-0.0077013177797198296,0.04121924191713333,-0.11473152786493301,-0.04735986143350601,0.17178043723106384,0.052455171942710876,-0.11441652476787567,0.003988279961049557,-0.015163009986281395,0.2722693085670471,0.16097469627857208,0.08638403564691544,0.078473761677742,-0.09234803915023804,0.08294501155614853,-0.19511309266090393,0.09914316236972809,0.18582335114479065,0.16225029528141022,0.06945018470287323,0.10237545520067215,-0.18278086185455322,0.08283936232328415,0.21475961804389954,-0.20813126862049103,0.050168294459581375,0.009428342804312706,-0.11668108403682709,0.0380842462182045,0.010440194047987461,0.26650485396385193,0.06671999394893646,-0.06483255326747894,-0.10415562987327576,0.15403597056865692,-0.06473277509212494,0.007526253815740347,0.12146439403295517,-0.07949849963188171,-0.17732693254947662,-0.2599479854106903,0.09415027499198914,0.3750244975090027,0.177458256483078,-0.13862550258636475,0.04934835433959961,-0.14743714034557343,0.0035791760310530663,0.012880259193480015,-0.0025908173993229866,-0.17066584527492523,-0.08434370905160904,-0.17606277763843536,0.021133339032530785,0.09993335604667664,0.021703852340579033,-0.03447367623448372,0.1940046101808548,0.024165647104382515,0.06746742874383926,0.06078135967254639,-0.004861996043473482,-0.16346976161003113,0.06098123639822006,-0.009883254766464233,0.020627502351999283,0.05051904171705246,-0.11788302659988403,0.0123499920591712,0.06258029490709305,-0.1496981680393219,0.1507711410522461,-0.0110779395326972,-0.008944118395447731,-0.004763884469866753,-0.07628560066223145,-0.08448426425457001,0.003369877114892006,0.13244065642356873,-0.39214980602264404,0.2517261505126953,0.07565964758396149,-0.007175704929977655,0.24268418550491333,0.08447353541851044,0.10563884675502777,-0.0701407790184021,-0.13878922164440155,-0.11411716043949127,-0.051426053047180176,0.11336435377597809,-0.06103992089629173,0.12056908011436462,0.04135652631521225",0.113380759488791,name@email.com,9876543238,A,Visit 29
